,Benchmark,Mean,Median,Best,Worst,STD
0,F1,1.8578271865844727,1.8578271865844727,1.8578271865844727,1.8578271865844727,0.0
