,Benchmark,Mean,Median,Best,Worst,STD
0,F1,4.226198434829712,4.226198434829712,4.226198434829712,4.226198434829712,0.0
