,Benchmark,Mean,Best,Worst,STD
0,F8,2.0441612243652343,2.0314571857452393,2.0734751224517822,0.011113813933720445
