,Benchmark,Mean,Best,Worst,STD
0,F8,-11435.848871708622,-12569.486618116318,-5417.674755941754,2346.9501871457564
