,Benchmark,Mean,Best,Worst,STD
0,F1,55155.98868848736,49623.96368046065,104944.21376072777,16596.075024080135
