,Benchmark,Mean,Mean_no_outlier,Median,Best,Worst,STD
0,F1,41005.02899059094,,41005.02899059094,41005.02899059094,41005.02899059094,0.0
