,Benchmark,Mean,Mean_no_outlier,Median,Best,Worst,STD
0,F1,0.28983830568069896,,0.28983830568069896,0.28983830568069896,0.28983830568069896,0.0
