,Benchmark,Mean,Best,Worst,STD
0,F1,5.801107549667359,5.739293098449707,5.939337968826294,0.06631651684981034
