,Benchmark,Mean,Median,Best,Worst,STD
0,F1,14.065326452255249,14.065326452255249,14.065326452255249,14.065326452255249,0.0
