,Benchmark,Mean,Median,Best,Worst,STD
0,F1,38.089892625808716,38.089892625808716,38.089892625808716,38.089892625808716,0.0
