,Benchmark,Mean,Median,Best,Worst,STD
0,F1,63.76339507102966,63.76339507102966,63.76339507102966,63.76339507102966,0.0
