,Benchmark,Mean,Best,Worst,STD
0,F8,31.520581483840942,31.37706756591797,31.78968358039856,0.14231229647356058
