,Benchmark,Mean,Best,Worst,STD
0,F8,-8150.991289648159,-9287.634601564458,-7171.064009704112,859.227212444267
