,Benchmark,Mean,Mean_no_outlier,Median,Best,Worst,STD
0,F1,2.4042296496120523e-47,,2.4042296496120523e-47,2.4042296496120523e-47,2.4042296496120523e-47,0.0
