,Benchmark,Mean,Median,Best,Worst,STD
0,F1,18.60391640663147,18.60391640663147,18.60391640663147,18.60391640663147,0.0
