,Benchmark,Mean,Mean_no_outlier,Median,Best,Worst,STD
0,F1,2.281588915765329e-42,,2.281588915765329e-42,2.281588915765329e-42,2.281588915765329e-42,0.0
